<?xml version="1.0" encoding="UTF-8" ?>
<beans xmlns="http://www.springframework.org/schema/beans"
	xmlns:context="http://www.springframework.org/schema/context"
	xmlns:xsi="http://www.w3.org/2001/XMLSchema-instance"
	xsi:schemaLocation="http://www.springframework.org/schema/beans
					http://www.springframework.org/schema/beans/spring-beans-3.0.xsd
					http://www.springframework.org/schema/context
					http://www.springframework.org/schema/context/spring-context-3.0.xsd">
	<!-- DispatcherServlet Context: defines this servlet's request-processing 
		infrastructure -->

	<context:component-scan base-package="com.spring" />
	<context:annotation-config />

	<bean id="dataSource" class="org.apache.tomcat.dbcp.dbcp2.BasicDataSource">
		<property name="driverClassName" value="com.mysql.jdbc.Driver" />
		<property name="url" value="jdbc:mysql://127.0.0.1:3306/project" />
		<property name="username" value="root" />
		<property name="password" value="root" />
 	</bean>

	<bean id="hibernate3AnnotatedSessionFactory"
		class="org.springframework.orm.hibernate3.annotation.AnnotationSessionFactoryBean">
		<property name="dataSource" ref="dataSource" />

		<property name="annotatedClasses">
			<list>

				<value>com.spring.domain.User</value>
				<value>com.spring.domain.Address</value>
				<value>com.spring.domain.Faculty </value>
				<value>com.spring.domain.Role</value>

			</list>
		</property>
		<property name="hibernateProperties">
			<props>
				<prop key="hibernate.dialect">org.hibernate.dialect.MySQLDialect</prop>
				<prop key="hibernate.current_session_context_class">thread</prop>
				 <prop key="hibernate.hbm2ddl.auto">create </prop>
				<prop key="hibernate.show_sql">false</prop>
			</props>
		</property>
	</bean>
	<!-- <hibernate-configuration>
    <session-factory>
        <property name="hibernate.dialect">org.hibernate.dialect.MySQLDialect</property>
        <property name="hibernate.connection.driver_class">com.mysql.cj.jdbc.Driver</property>
        <property name="hibernate.hbm2ddl.auto">update</property>
        <mapping resource="User.hbm.xml"/>
        <mapping resource="Address.hbm.xml"/>
    </session-factory>
</hibernate-configuration> -->
	<!-- <bean id="vv" class="com.spring.dao.UserDAO" />
	<bean id="v12v" class="com.spring.dao.AddressDAO" />
	<bean id="vv2" class="com.spring.dao.RoleDAO" />
	<bean id="vav" class="com.spring.dao.FacultyDAO" /> -->

	<bean
		class="org.springframework.web.servlet.view.InternalResourceViewResolver">
		<property name="prefix" value="/WEB-INF/views/" />
		<property name="suffix" value=".jsp" />
	</bean>

</beans>